-- π λ£¨ν”„ν© BE L2 - ν…μ¤νΈ λ°μ΄ν„° μƒμ„± μ¤ν¬λ¦½νΈ
-- κ²°μ μ‹μ¤ν… λ° ApplicationEvent ν…μ¤νΈλ¥Ό μ„ν• κΈ°λ³Έ λ°μ΄ν„° μƒμ„±
-- 
-- β οΈ  μ‚¬μ©λ²•: 
-- docker exec -i docker-mysql-1 mysql -u application -papplication -D loopers < test-data-setup.sql
--
-- λλ” MySQL ν΄λΌμ΄μ–ΈνΈμ—μ„:
-- source /path/to/test-data-setup.sql;

-- λ°μ΄ν„° μ‚­μ  (μ΄κΈ°ν™” - ν•„μ”μ‹ μ£Όμ„ ν•΄μ )
-- DELETE FROM user_coupon;
-- DELETE FROM coupon;  
-- DELETE FROM product_like;
-- DELETE FROM point;
-- DELETE FROM payment;
-- DELETE FROM order_item;
-- DELETE FROM `order`;
-- DELETE FROM product;
-- DELETE FROM brand;
-- DELETE FROM user;

-- 1. λΈλλ“ λ°μ΄ν„°
INSERT INTO brand (id, name, created_at, updated_at) 
VALUES 
    (1, 'μ‚Όμ„±', NOW(), NOW()),
    (2, 'μ• ν”', NOW(), NOW()),
    (3, 'LG', NOW(), NOW()),
    (4, 'μ†λ‹', NOW(), NOW()),
    (5, 'λ‚μ΄ν‚¤', NOW(), NOW()),
    (6, 'λ‹ν…λ„', NOW(), NOW()),
    (7, 'λΈ', NOW(), NOW()),
    (8, 'HP', NOW(), NOW()),
    (9, 'μΊλ…Ό', NOW(), NOW()),
    (10, 'μ•„λ””λ‹¤μ¤', NOW(), NOW())
ON DUPLICATE KEY UPDATE 
    name = VALUES(name), 
    updated_at = VALUES(updated_at);

-- 2. μƒν’ λ°μ΄ν„° (λ” λ‹¤μ–‘ν•κ² μ¶”κ°€)
INSERT INTO product (id, name, `value`, quantity, brand_id, likes_count, created_at, updated_at)
VALUES 
    (1, 'κ°¤λ­μ‹ S24', 1200000, 100, 1, 0, NOW(), NOW()),
    (2, 'κ°¤λ­μ‹ S24 Ultra', 1500000, 50, 1, 5, NOW(), NOW()),
    (3, 'κ°¤λ­μ‹ Zν”λ¦½5', 1100000, 30, 1, 8, NOW(), NOW()),
    (4, 'μ•„μ΄ν° 15', 1300000, 80, 2, 12, NOW(), NOW()),
    (5, 'μ•„μ΄ν° 15 Pro', 1600000, 30, 2, 8, NOW(), NOW()),
    (6, 'μ•„μ΄ν° 15 Pro Max', 1800000, 20, 2, 15, NOW(), NOW()),
    (7, 'LG κ·Έλ¨', 800000, 60, 3, 3, NOW(), NOW()),
    (8, 'LG OLED TV', 2500000, 25, 3, 7, NOW(), NOW()),
    (9, 'μ†λ‹ ν—¤λ“ν°', 300000, 200, 4, 15, NOW(), NOW()),
    (10, 'μ†λ‹ μΉ΄λ©”λΌ', 1800000, 40, 4, 6, NOW(), NOW()),
    (11, 'μ—μ–΄λ§¥μ¤', 150000, 150, 5, 20, NOW(), NOW()),
    (12, 'λ‚μ΄ν‚¤ μ΅°λ', 200000, 80, 5, 25, NOW(), NOW()),
    (13, 'λ‹ν…λ„ μ¤μ„μΉ', 350000, 100, 6, 30, NOW(), NOW()),
    (14, 'λΈ λ¨λ‹ν„°', 400000, 75, 7, 4, NOW(), NOW()),
    (15, 'HP ν”„λ¦°ν„°', 250000, 60, 8, 2, NOW(), NOW())
ON DUPLICATE KEY UPDATE 
    name = VALUES(name), 
    `value` = VALUES(`value`), 
    quantity = VALUES(quantity),
    updated_at = VALUES(updated_at);

-- 3. ν…μ¤νΈ μ‚¬μ©μ λ°μ΄ν„°
INSERT INTO user (user_id, gender, `value`, amount, birth_date, created_at, updated_at)
VALUES 
    ('test-user-1', 'MALE', 'testuser1@example.com', 1000, '1990-01-01', NOW(), NOW()),
    ('test-user-2', 'FEMALE', 'testuser2@example.com', 2000, '1995-05-15', NOW(), NOW()),
    ('test-user-3', 'MALE', 'testuser3@example.com', 1500, '1988-12-25', NOW(), NOW()),
    ('test-user-4', 'FEMALE', 'testuser4@example.com', 3000, '1992-08-30', NOW(), NOW()),
    ('test-user-5', 'MALE', 'testuser5@example.com', 2500, '1987-11-12', NOW(), NOW()),
    ('user1', 'MALE', 'user1@example.com', 1000, '1992-03-10', NOW(), NOW()),
    ('admin', 'MALE', 'admin@example.com', 5000, '1985-07-20', NOW(), NOW()),
    ('guest', 'FEMALE', 'guest@example.com', 500, '1998-02-14', NOW(), NOW()),
    ('power-user', 'MALE', 'poweruser@example.com', 10000, '1980-06-25', NOW(), NOW()),
    ('vip', 'FEMALE', 'vip@example.com', 20000, '1975-09-15', NOW(), NOW())
ON DUPLICATE KEY UPDATE 
    `value` = VALUES(`value`), 
    amount = VALUES(amount),
    updated_at = VALUES(updated_at);

-- 4. ν¬μΈνΈ κ³„μ • λ°μ΄ν„° (λ¨λ“  μ‚¬μ©μμ—κ² ν¬μΈνΈ λ¶€μ—¬)
INSERT INTO point (user_id, point_balance)
VALUES 
    ('test-user-1', 5000000.00),    -- 5λ°±λ§ ν¬μΈνΈ
    ('test-user-2', 3000000.00),    -- 3λ°±λ§ ν¬μΈνΈ  
    ('test-user-3', 1000000.00),    -- 1λ°±λ§ ν¬μΈνΈ
    ('test-user-4', 2000000.00),    -- 2λ°±λ§ ν¬μΈνΈ
    ('test-user-5', 1500000.00),    -- 1.5λ°±λ§ ν¬μΈνΈ
    ('user1', 500000.00),           -- 50λ§ ν¬μΈνΈ
    ('admin', 10000000.00),         -- 1μ²λ§ ν¬μΈνΈ
    ('guest', 100000.00),           -- 10λ§ ν¬μΈνΈ
    ('power-user', 8000000.00),     -- 8λ°±λ§ ν¬μΈνΈ
    ('vip', 15000000.00)            -- 1.5μ²λ§ ν¬μΈνΈ
ON DUPLICATE KEY UPDATE 
    point_balance = VALUES(point_balance);

-- 5. μΏ ν° λ§μ¤ν„° λ°μ΄ν„°
INSERT INTO coupon (id, name, coupon_type, discount_value, min_order_amount, max_discount_amount, created_at, updated_at)
VALUES 
    (1, 'μ‹ κ·κ°€μ… 10λ§μ› ν• μΈ', 'FIXED_AMOUNT', 100000.00, 0.00, 100000.00, NOW(), NOW()),
    (2, 'μƒμΌμ¶•ν• 5λ§μ› ν• μΈ', 'FIXED_AMOUNT', 50000.00, 0.00, 50000.00, NOW(), NOW()),
    (3, 'νΉλ³„ν• μΈ 20λ§μ›', 'FIXED_AMOUNT', 200000.00, 500000.00, 200000.00, NOW(), NOW()),
    (4, 'κ΄€λ¦¬μ νΉλ³„ν• μΈ', 'FIXED_AMOUNT', 500000.00, 0.00, 500000.00, NOW(), NOW()),
    (5, '10% ν• μΈμΏ ν°', 'PERCENTAGE', 10.00, 100000.00, 50000.00, NOW(), NOW())
ON DUPLICATE KEY UPDATE 
    name = VALUES(name),
    coupon_type = VALUES(coupon_type),
    discount_value = VALUES(discount_value),
    updated_at = VALUES(updated_at);

-- 6. μ‚¬μ©μ μΏ ν° λ°μ΄ν„° (UserCoupon) - μ‹¤μ  ν…μ΄λΈ” κµ¬μ΅°μ— λ§κ² μμ •
INSERT INTO user_coupon (id, user_id, coupon_id, used, order_id, created_at, updated_at)
VALUES 
    (1, 'test-user-1', 1, 0, null, NOW(), NOW()),
    (2, 'test-user-1', 2, 0, null, NOW(), NOW()),
    (3, 'test-user-2', 1, 0, null, NOW(), NOW()),
    (4, 'test-user-3', 3, 0, null, NOW(), NOW()),
    (5, 'admin', 4, 0, null, NOW(), NOW())
ON DUPLICATE KEY UPDATE 
    coupon_id = VALUES(coupon_id),
    updated_at = VALUES(updated_at);

-- 7. μΆ‹μ•„μ” ν…μ¤νΈ λ°μ΄ν„° (λ” λ‹¤μ–‘ν•κ² μ¶”κ°€)
INSERT INTO product_like (id, user_id, product_id, created_at, updated_at)
VALUES 
    (1, 'test-user-1', 1, NOW(), NOW()),
    (2, 'test-user-1', 4, NOW(), NOW()),
    (3, 'test-user-1', 9, NOW(), NOW()),
    (4, 'test-user-2', 2, NOW(), NOW()),
    (5, 'test-user-2', 6, NOW(), NOW()),
    (6, 'test-user-2', 11, NOW(), NOW()),
    (7, 'test-user-3', 7, NOW(), NOW()),
    (8, 'test-user-3', 13, NOW(), NOW()),
    (9, 'test-user-4', 5, NOW(), NOW()),
    (10, 'test-user-4', 10, NOW(), NOW()),
    (11, 'test-user-5', 8, NOW(), NOW()),
    (12, 'test-user-5', 12, NOW(), NOW()),
    (13, 'power-user', 3, NOW(), NOW()),
    (14, 'power-user', 14, NOW(), NOW()),
    (15, 'vip', 15, NOW(), NOW())
ON DUPLICATE KEY UPDATE 
    updated_at = VALUES(updated_at);

-- 8. ν…μ¤νΈμ© μƒν” μ£Όλ¬Έ λ°μ΄ν„° (μ„ νƒμ‚¬ν•­ - ν•„μ”μ‹ μ£Όμ„ ν•΄μ )
-- INSERT INTO `order` (id, user_id, status, total_amount, created_at, updated_at)
-- VALUES 
--     (100, 'test-user-1', 'COMPLETED', 1200000, DATE_SUB(NOW(), INTERVAL 1 DAY), DATE_SUB(NOW(), INTERVAL 1 DAY)),
--     (101, 'test-user-2', 'PENDING', 1500000, DATE_SUB(NOW(), INTERVAL 2 HOUR), DATE_SUB(NOW(), INTERVAL 2 HOUR)),
--     (102, 'test-user-3', 'CANCELLED', 800000, DATE_SUB(NOW(), INTERVAL 3 DAY), DATE_SUB(NOW(), INTERVAL 3 DAY))
-- ON DUPLICATE KEY UPDATE 
--     status = VALUES(status),
--     updated_at = VALUES(updated_at);

-- μ‹¤ν–‰ μ™„λ£ λ©”μ‹μ§€
SELECT 'π‰ ν…μ¤νΈ λ°μ΄ν„° μƒμ„± μ™„λ£!' AS message;
SELECT '============================================' AS `separator`;

-- λ°μ΄ν„° ν™•μΈ μΏΌλ¦¬λ“¤
SELECT '=== π“ μƒμ„±λ λ°μ΄ν„° μ”μ•½ ===' AS info;
SELECT 
    (SELECT COUNT(*) FROM brand) as brands,
    (SELECT COUNT(*) FROM product) as products,
    (SELECT COUNT(*) FROM user) as users,
    (SELECT COUNT(*) FROM point) as point_accounts,
    (SELECT COUNT(*) FROM coupon) as coupons,
    (SELECT COUNT(*) FROM user_coupon) as user_coupons,
    (SELECT COUNT(*) FROM product_like) as likes;

SELECT '=== π·οΈ λΈλλ“ λ°μ΄ν„° ===' AS info;
SELECT id, name, DATE_FORMAT(created_at, '%Y-%m-%d %H:%i') as created FROM brand ORDER BY id LIMIT 10;

SELECT '=== π“± μƒν’ λ°μ΄ν„° (TOP 10) ===' AS info;
SELECT id, name, FORMAT(`value`, 0) as price, quantity, brand_id, likes_count 
FROM product ORDER BY id LIMIT 10;

SELECT '=== π‘¥ μ‚¬μ©μ λ°μ΄ν„° ===' AS info;  
SELECT id, user_id, gender, `value` as email, amount as embedded_point 
FROM user ORDER BY id LIMIT 10;

SELECT '=== π’° ν¬μΈνΈ κ³„μ • ===' AS info;
SELECT user_id, FORMAT(point_balance, 0) as balance FROM point ORDER BY point_balance DESC LIMIT 10;

SELECT '=== π« μΏ ν° λ§μ¤ν„° ===' AS info;
SELECT id, name, coupon_type, FORMAT(discount_value, 0) as discount, FORMAT(min_order_amount, 0) as min_order 
FROM coupon ORDER BY id LIMIT 10;

SELECT '=== ποΈ μ‚¬μ©μ μΏ ν° ===' AS info;
SELECT id, user_id, coupon_id, used, order_id FROM user_coupon ORDER BY id LIMIT 10;

SELECT '=== β¤οΈ μΆ‹μ•„μ” ν†µκ³„ ===' AS info;
SELECT 
    p.name as product_name,
    COUNT(*) as like_count
FROM product_like pl 
JOIN product p ON pl.product_id = p.id 
GROUP BY pl.product_id, p.name 
ORDER BY like_count DESC 
LIMIT 5;

SELECT '=== β… ν…μ¤νΈ μ¤€λΉ„ μ™„λ£ ===' AS status;
SELECT 'API ν…μ¤νΈλ¥Ό μ‹μ‘ν•  μ μμµλ‹λ‹¤!' AS message;
SELECT 'μμ‹: POST /api/v1/orders (X-USER-ID: test-user-1)' AS example;